vessel_id,tag_category,tag_value
DD6DD393DE22484CAE5391948F277C3D,Pool,MR (#001)
DD6DD393DE22484CAE5391948F277C3D,Segment,"P-Max, Clean"
DD6DD393DE22484CAE5391948F277C3D,Entity,Stena Bulk A/S (#341)
5E1569116739DE31DF4F3BD75C609899,Age/Design,Non Scrubber
5E1569116739DE31DF4F3BD75C609899,Pool,ECO Pool (#150)
5E1569116739DE31DF4F3BD75C609899,Segment,"MR ECO, long"
5E1569116739DE31DF4F3BD75C609899,Entity,Stena Bulk A/S (#341)
5E1569116739DE31DF4F3BD75C609899,Sanction,Not Sanctioned
DD6DD393DE22484CAE5391948F277C3D,Pool,MR (#001)
DD6DD393DE22484CAE5391948F277C3D,Segment,"P-Max, Clean"
DD6DD393DE22484CAE5391948F277C3D,Entity,Stena Bulk A/S (#341)
B8E568D9FFD54D063CF5B37BDEE67161,Age/Design,Scrubber
B8E568D9FFD54D063CF5B37BDEE67161,Pool,IMO Pool (#160)
B8E568D9FFD54D063CF5B37BDEE67161,Segment,"MR IMOIIMAX, long"
B8E568D9FFD54D063CF5B37BDEE67161,Entity,Stena Bulk A/S (#341)
B8E568D9FFD54D063CF5B37BDEE67161,Commercial,Comm: Yes
51D8A1DA855455CD389A1839DD9B41C2,Pool,TC OUT (#190)
51D8A1DA855455CD389A1839DD9B41C2,Segment,"MR IMOIIMAX, long"
51D8A1DA855455CD389A1839DD9B41C2,Entity,Stena Bulk A/S (#341)
51D8A1DA855455CD389A1839DD9B41C2,Commercial,Comm: Yes
9ADD42678DB78F25AAB34AD9A2D13F8B,Age/Design,Non Scrubber
9ADD42678DB78F25AAB34AD9A2D13F8B,Keyword,PnC CPH
9ADD42678DB78F25AAB34AD9A2D13F8B,Pool,ECO Pool (#150)
9ADD42678DB78F25AAB34AD9A2D13F8B,Segment,"MR ECO, long"
9ADD42678DB78F25AAB34AD9A2D13F8B,Entity,Stena Bulk A/S (#341)
9ADD42678DB78F25AAB34AD9A2D13F8B,Sanction,Not Sanctioned
9ADD42678DB78F25AAB34AD9A2D13F8B,Commercial,Comm: Yes
077F023F5FD810F5290BC44FA07429D4,Keyword,PnC CPH
077F023F5FD810F5290BC44FA07429D4,Pool,IMO Pool (#160)
077F023F5FD810F5290BC44FA07429D4,Segment,"MR IMOIIMAX, long"
077F023F5FD810F5290BC44FA07429D4,Entity,Stena Bulk A/S (#341)
077F023F5FD810F5290BC44FA07429D4,Sanction,Not Sanctioned
077F023F5FD810F5290BC44FA07429D4,Commercial,Comm: Yes
A43C8EB374F9979B16AAA3720D0933EE,Age/Design,Non Scrubber
A43C8EB374F9979B16AAA3720D0933EE,Pool,Short Pool (#170)
A43C8EB374F9979B16AAA3720D0933EE,Segment,"MR ECO, short"
A43C8EB374F9979B16AAA3720D0933EE,Entity,Stena Bulk A/S (#341)
A43C8EB374F9979B16AAA3720D0933EE,Sanction,Not Sanctioned
A43C8EB374F9979B16AAA3720D0933EE,Commercial,Comm: Yes
648ECB14EDECDB95772AA913EA6B43B3,Pool,Short Pool (#170)
648ECB14EDECDB95772AA913EA6B43B3,Segment,"MR old, short"
648ECB14EDECDB95772AA913EA6B43B3,Entity,Stena Bulk A/S (#341)
648ECB14EDECDB95772AA913EA6B43B3,Sanction,Not Sanctioned
648ECB14EDECDB95772AA913EA6B43B3,Commercial,Comm: Yes
16E5A18F680CB9B8C1F2D1CD47711ED1,Pool,ECO Pool (#150)
16E5A18F680CB9B8C1F2D1CD47711ED1,Segment,"MR ECO, long"
16E5A18F680CB9B8C1F2D1CD47711ED1,Entity,Stena Bulk A/S (#341)
16E5A18F680CB9B8C1F2D1CD47711ED1,Commercial,Comm: Yes
F92FDB12DB00BB8918272873032F0AFF,Age/Design,Non Scrubber
F92FDB12DB00BB8918272873032F0AFF,Pool,ECO Pool (#150)
F92FDB12DB00BB8918272873032F0AFF,Segment,"MR ECO, long"
F92FDB12DB00BB8918272873032F0AFF,Entity,Stena Bulk A/S (#341)
F92FDB12DB00BB8918272873032F0AFF,Sanction,Not Sanctioned
6CB8E463184C59CC32CADB5F2467BAFF,Pool,ECO Pool (#150)
6CB8E463184C59CC32CADB5F2467BAFF,Segment,"MR ECO, long"
6CB8E463184C59CC32CADB5F2467BAFF,Entity,Stena Bulk A/S (#341)
6CB8E463184C59CC32CADB5F2467BAFF,Commercial,Comm: Yes
64B0B891F38867E25D21FCBAB912B0C7,Segment,Suezmax
64B0B891F38867E25D21FCBAB912B0C7,Entity,Stena Sonangol Suezmax Pool LP (#3435)
64B0B891F38867E25D21FCBAB912B0C7,Commercial,Comm: Yes
E2322AC6FFAD3FE780075F8DE33C37CA,Segment,Suezmax
E2322AC6FFAD3FE780075F8DE33C37CA,Entity,Stena Sonangol Suezmax Pool LP (#3435)
E2322AC6FFAD3FE780075F8DE33C37CA,Commercial,Comm: Yes
172BCA4A649923D712024DE75F9FAA03,Pool,ECO Pool (#150)
172BCA4A649923D712024DE75F9FAA03,Segment,"MR ECO, long"
172BCA4A649923D712024DE75F9FAA03,Entity,Stena Bulk A/S (#341)
172BCA4A649923D712024DE75F9FAA03,Commercial,Comm: Yes
9CBE22A22B89A9E06D745E535365D6DA,Pool,ECO Pool (#150)
9CBE22A22B89A9E06D745E535365D6DA,Segment,"MR ECO, long"
9CBE22A22B89A9E06D745E535365D6DA,Entity,Stena Bulk A/S (#341)
9CBE22A22B89A9E06D745E535365D6DA,Commercial,Comm: Yes
6D00EA3DFDBCA5CA169A90AA2117C8E1,Age/Design,Non Scrubber
6D00EA3DFDBCA5CA169A90AA2117C8E1,Keyword,PnC CPH
6D00EA3DFDBCA5CA169A90AA2117C8E1,Pool,Short Pool (#170)
6D00EA3DFDBCA5CA169A90AA2117C8E1,Segment,"MR ECO, short"
6D00EA3DFDBCA5CA169A90AA2117C8E1,Entity,Stena Bulk A/S (#341)
6D00EA3DFDBCA5CA169A90AA2117C8E1,Sanction,Not Sanctioned
6D00EA3DFDBCA5CA169A90AA2117C8E1,Commercial,Comm: Yes
A8A35A79EADDAA6F21C963A0EA0CF2B9,Age/Design,Non Scrubber
A8A35A79EADDAA6F21C963A0EA0CF2B9,Keyword,PnC CPH
A8A35A79EADDAA6F21C963A0EA0CF2B9,Pool,Short Pool (#170)
A8A35A79EADDAA6F21C963A0EA0CF2B9,Segment,"MR old, short"
A8A35A79EADDAA6F21C963A0EA0CF2B9,Entity,Stena Bulk A/S (#341)
A8A35A79EADDAA6F21C963A0EA0CF2B9,Sanction,Not Sanctioned
A8A35A79EADDAA6F21C963A0EA0CF2B9,Commercial,Comm: Yes
636511D67199FE7F9738BE7EF3AA9BBD,Pool,TC OUT (#190)
636511D67199FE7F9738BE7EF3AA9BBD,Segment,"MR ECO, long"
636511D67199FE7F9738BE7EF3AA9BBD,Entity,Stena Bulk A/S (#341)
636511D67199FE7F9738BE7EF3AA9BBD,Sanction,Not Sanctioned
636511D67199FE7F9738BE7EF3AA9BBD,Commercial,Comm: Yes
AFB7F6E535D053E02205290B5813EE8D,Pool,ECO Pool (#150)
AFB7F6E535D053E02205290B5813EE8D,Segment,"MR old, long"
AFB7F6E535D053E02205290B5813EE8D,Entity,Stena Bulk A/S (#341)
AFB7F6E535D053E02205290B5813EE8D,Commercial,Comm: Yes
B0EBA4CD47B917941B01EDFF1AF1AB12,Age/Design,Scrubber
B0EBA4CD47B917941B01EDFF1AF1AB12,Keyword,PnC CPH
B0EBA4CD47B917941B01EDFF1AF1AB12,Pool,ECO Pool (#150)
B0EBA4CD47B917941B01EDFF1AF1AB12,Segment,"MR ECO, long"
B0EBA4CD47B917941B01EDFF1AF1AB12,Entity,Stena Bulk A/S (#341)
B0EBA4CD47B917941B01EDFF1AF1AB12,Sanction,Not Sanctioned
B0EBA4CD47B917941B01EDFF1AF1AB12,Commercial,Comm: Yes
90D9B1EC553CA1B4280477DE59DFE18E,Pool,Short Pool (#170)
90D9B1EC553CA1B4280477DE59DFE18E,Segment,"MR old, short"
90D9B1EC553CA1B4280477DE59DFE18E,Entity,Stena Bulk A/S (#341)
90D9B1EC553CA1B4280477DE59DFE18E,Sanction,Not Sanctioned
90D9B1EC553CA1B4280477DE59DFE18E,Commercial,Comm: Yes
C3225CE13CB37B146C55B6B5EB3105E2,Age/Design,Scrubber
C3225CE13CB37B146C55B6B5EB3105E2,Segment,Suezmax
C3225CE13CB37B146C55B6B5EB3105E2,Entity,Stena Sonangol Suezmax Pool LP (#3435)
C3225CE13CB37B146C55B6B5EB3105E2,Commercial,Comm: Yes
79BF00C65A08B8357A9AB961967A7657,Age/Design,Non Scrubber
79BF00C65A08B8357A9AB961967A7657,Keyword,PnC CPH
79BF00C65A08B8357A9AB961967A7657,Pool,Short Pool (#170)
79BF00C65A08B8357A9AB961967A7657,Segment,"MR ECO, short"
79BF00C65A08B8357A9AB961967A7657,Entity,Stena Bulk A/S (#341)
79BF00C65A08B8357A9AB961967A7657,Sanction,Not Sanctioned
79BF00C65A08B8357A9AB961967A7657,Commercial,Comm: Yes
3ADF28F89ABD7CD7E8C9966E7A8821D2,Segment,Suezmax
3ADF28F89ABD7CD7E8C9966E7A8821D2,Entity,Stena Sonangol Suezmax Pool LP (#3435)
3ADF28F89ABD7CD7E8C9966E7A8821D2,Commercial,Comm: Yes
2E19AF9FFD33F79317EAA4FCCA02B02B,Age/Design,Scrubber
2E19AF9FFD33F79317EAA4FCCA02B02B,Pool,TC OUT (#190)
2E19AF9FFD33F79317EAA4FCCA02B02B,Segment,"MR IMOIIMAX, long"
2E19AF9FFD33F79317EAA4FCCA02B02B,Entity,Stena Bulk A/S (#341)
2E19AF9FFD33F79317EAA4FCCA02B02B,Commercial,Comm: Yes
6CA0E928B16181A346581EDF86034E15,Age/Design,Scrubber
6CA0E928B16181A346581EDF86034E15,Keyword,PnC CPH
6CA0E928B16181A346581EDF86034E15,Pool,IMO Pool (#160)
6CA0E928B16181A346581EDF86034E15,Segment,"MR IMOIIMAX, long"
6CA0E928B16181A346581EDF86034E15,Entity,Stena Bulk A/S (#341)
6CA0E928B16181A346581EDF86034E15,Sanction,Not Sanctioned
6CA0E928B16181A346581EDF86034E15,Commercial,Comm: Yes
0D37D4D676391F8BCACE4AC26EA54A65,Pool,IMO Pool (#160)
0D37D4D676391F8BCACE4AC26EA54A65,Segment,"MR IMOIIMAX, long"
0D37D4D676391F8BCACE4AC26EA54A65,Entity,Stena Bulk A/S (#341)
0D37D4D676391F8BCACE4AC26EA54A65,Commercial,Comm: Yes
510DE3910E3DED55B568B11B14930A85,Age/Design,Non Scrubber
510DE3910E3DED55B568B11B14930A85,Keyword,PnC CPH
510DE3910E3DED55B568B11B14930A85,Pool,ECO Pool (#150)
510DE3910E3DED55B568B11B14930A85,Segment,"MR ECO, long"
510DE3910E3DED55B568B11B14930A85,Entity,Stena Bulk A/S (#341)
510DE3910E3DED55B568B11B14930A85,Sanction,Not Sanctioned
510DE3910E3DED55B568B11B14930A85,Commercial,Comm: Yes
E4BACE0D0B4F6817D17F1358D8A8D1F4,Age/Design,Scrubber
E4BACE0D0B4F6817D17F1358D8A8D1F4,Pool,IMO Pool (#160)
E4BACE0D0B4F6817D17F1358D8A8D1F4,Segment,"MR IMOIIMAX, long"
E4BACE0D0B4F6817D17F1358D8A8D1F4,Entity,Stena Bulk A/S (#341)
E4BACE0D0B4F6817D17F1358D8A8D1F4,Commercial,Comm: Yes
716296D67896F4A098168A7FB1EA795E,Pool,MR (#001)
716296D67896F4A098168A7FB1EA795E,Segment,"P-Max, Clean"
716296D67896F4A098168A7FB1EA795E,Entity,Stena Bulk A/S (#341)
AC199BA31B05BA1663A01F7AEDE7C68A,Segment,Suezmax
AC199BA31B05BA1663A01F7AEDE7C68A,Entity,Stena Sonangol Suezmax Pool (#3424)
AC199BA31B05BA1663A01F7AEDE7C68A,Commercial,Comm: Yes
0D52F7F4D1F8980C7F232E9A5044A004,Pool,ECO Pool (#150)
0D52F7F4D1F8980C7F232E9A5044A004,Segment,"MR ECO, long"
0D52F7F4D1F8980C7F232E9A5044A004,Entity,Stena Bulk A/S (#341)
0D52F7F4D1F8980C7F232E9A5044A004,Commercial,Comm: Yes
7EDD42B0FE173AA702DF40F2F3E9F2C0,Pool,ECO Pool (#150)
7EDD42B0FE173AA702DF40F2F3E9F2C0,Segment,"MR ECO, long"
7EDD42B0FE173AA702DF40F2F3E9F2C0,Entity,Stena Bulk A/S (#341)
7EDD42B0FE173AA702DF40F2F3E9F2C0,Commercial,Comm: Yes
54A73138C232936ADE47209535C7AF17,Age/Design,Scrubber
54A73138C232936ADE47209535C7AF17,Pool,ECO Pool (#150)
54A73138C232936ADE47209535C7AF17,Segment,"MR ECO, long"
54A73138C232936ADE47209535C7AF17,Entity,Stena Bulk A/S (#341)
54A73138C232936ADE47209535C7AF17,Sanction,Not Sanctioned
54A73138C232936ADE47209535C7AF17,Commercial,Comm: Yes
EE2E053358FA4ED7542CE78D8CBAF4BF,Age/Design,Non Scrubber
EE2E053358FA4ED7542CE78D8CBAF4BF,Pool,ECO Pool (#150)
EE2E053358FA4ED7542CE78D8CBAF4BF,Segment,"MR ECO, long"
EE2E053358FA4ED7542CE78D8CBAF4BF,Entity,Stena Bulk A/S (#341)
EE2E053358FA4ED7542CE78D8CBAF4BF,Sanction,Not Sanctioned
EE2E053358FA4ED7542CE78D8CBAF4BF,Commercial,Comm: Yes
A9ACC5A8A6682B63275F3FA094D3E9E7,COA,Proman 2021
A9ACC5A8A6682B63275F3FA094D3E9E7,Pool,Short Pool (#170)
A9ACC5A8A6682B63275F3FA094D3E9E7,Segment,"Relet, short"
A9ACC5A8A6682B63275F3FA094D3E9E7,Entity,Stena Bulk A/S (#341)
A9ACC5A8A6682B63275F3FA094D3E9E7,Sanction,Not Sanctioned
A9ACC5A8A6682B63275F3FA094D3E9E7,Commercial,Comm: Yes
7E992C8A311693D451062DE6723DE086,Segment,LNG
7E992C8A311693D451062DE6723DE086,Entity,Stena Bulk AB (#303)
7E992C8A311693D451062DE6723DE086,Commercial,Comm: Yes
81B040262012583C838B2BD67129EEC6,Age/Design,Non Scrubber
81B040262012583C838B2BD67129EEC6,Keyword,PnC CPH
81B040262012583C838B2BD67129EEC6,Pool,Short Pool (#170)
81B040262012583C838B2BD67129EEC6,Segment,"MR old, short"
81B040262012583C838B2BD67129EEC6,Entity,Stena Bulk A/S (#341)
81B040262012583C838B2BD67129EEC6,Sanction,Not Sanctioned
81B040262012583C838B2BD67129EEC6,Commercial,Comm: Yes
FB359BAA51A3151BA9DD36142F31EA37,Age/Design,Non Scrubber
FB359BAA51A3151BA9DD36142F31EA37,Pool,ECO Pool (#150)
FB359BAA51A3151BA9DD36142F31EA37,Segment,"MR ECO, long"
FB359BAA51A3151BA9DD36142F31EA37,Entity,Stena Bulk A/S (#341)
FB359BAA51A3151BA9DD36142F31EA37,Sanction,Not Sanctioned
FB359BAA51A3151BA9DD36142F31EA37,Commercial,Comm: Yes
94EE4ADE6250025451457924C3A4FE93,Pool,ECO Pool (#150)
94EE4ADE6250025451457924C3A4FE93,Segment,"MR ECO, long"
94EE4ADE6250025451457924C3A4FE93,Entity,Stena Bulk A/S (#341)
94EE4ADE6250025451457924C3A4FE93,Commercial,Comm: Yes
1EE79FFCDAFEB509DE2354DAB79226C8,Age/Design,Non Scrubber
1EE79FFCDAFEB509DE2354DAB79226C8,Pool,Short Pool (#170)
1EE79FFCDAFEB509DE2354DAB79226C8,Segment,"MR ECO, short"
1EE79FFCDAFEB509DE2354DAB79226C8,Entity,Stena Bulk A/S (#341)
1EE79FFCDAFEB509DE2354DAB79226C8,Sanction,Not Sanctioned
1EE79FFCDAFEB509DE2354DAB79226C8,Commercial,Comm: Yes
ECEAA6601C9BB195DD392263D76EABA4,Pool,ECO Pool (#150)
ECEAA6601C9BB195DD392263D76EABA4,Segment,"MR ECO, long"
ECEAA6601C9BB195DD392263D76EABA4,Entity,Stena Bulk A/S (#341)
ECEAA6601C9BB195DD392263D76EABA4,Commercial,Comm: Yes
E2BDD92EE7E8C6D75386141881A16BCC,Age/Design,Non Scrubber
E2BDD92EE7E8C6D75386141881A16BCC,COA,Mitshubishi 22
E2BDD92EE7E8C6D75386141881A16BCC,Keyword,PnC SING
E2BDD92EE7E8C6D75386141881A16BCC,Pool,Short Pool (#170)
E2BDD92EE7E8C6D75386141881A16BCC,Segment,"MR old, short"
D7142220216449E9EED3B28C7FFC6918,Age/Design,Non Scrubber
D7142220216449E9EED3B28C7FFC6918,Keyword,PnC CPH
D7142220216449E9EED3B28C7FFC6918,Pool,Short Pool (#170)
D7142220216449E9EED3B28C7FFC6918,Segment,"MR ECO, short"
D7142220216449E9EED3B28C7FFC6918,Entity,Stena Bulk A/S (#341)
D7142220216449E9EED3B28C7FFC6918,Sanction,Not Sanctioned
D7142220216449E9EED3B28C7FFC6918,Commercial,Comm: Yes
D6B27BFD58172BCB8DFB8712BDEC1D90,Segment,Suezmax
D6B27BFD58172BCB8DFB8712BDEC1D90,Entity,Stena Sonangol Suezmax Pool LP (#3435)
D6B27BFD58172BCB8DFB8712BDEC1D90,Commercial,Comm: Yes
1B7B6B04EA2EBEECAE2F662A92648808,Pool,ECO Pool (#150)
1B7B6B04EA2EBEECAE2F662A92648808,Segment,"MR ECO, long"
1B7B6B04EA2EBEECAE2F662A92648808,Entity,Stena Bulk A/S (#341)
1B7B6B04EA2EBEECAE2F662A92648808,Commercial,Comm: Yes
FB359BAA51A3151BA9DD36142F31EA37,Age/Design,Non Scrubber
FB359BAA51A3151BA9DD36142F31EA37,Pool,ECO Pool (#150)
FB359BAA51A3151BA9DD36142F31EA37,Segment,"MR ECO, long"
FB359BAA51A3151BA9DD36142F31EA37,Entity,Stena Bulk A/S (#341)
FB359BAA51A3151BA9DD36142F31EA37,Sanction,Not Sanctioned
FB359BAA51A3151BA9DD36142F31EA37,Commercial,Comm: Yes
D507929F4387A14215D9CF8C438E538C,Pool,ECO Pool (#150)
D507929F4387A14215D9CF8C438E538C,Segment,"MR ECO, long"
D507929F4387A14215D9CF8C438E538C,Entity,Stena Bulk A/S (#341)
D507929F4387A14215D9CF8C438E538C,Commercial,Comm: Yes
79C6E5401AABD69ECE663DB439C951F5,Segment,Suezmax
79C6E5401AABD69ECE663DB439C951F5,Entity,Stena Sonangol Suezmax Pool LP (#3435)
79C6E5401AABD69ECE663DB439C951F5,Commercial,Comm: Yes
4C1F84CB89772676D69B62CA0DC6869C,Age/Design,Scrubber
4C1F84CB89772676D69B62CA0DC6869C,Segment,Suezmax
4C1F84CB89772676D69B62CA0DC6869C,Entity,Stena Sonangol Suezmax Pool LP (#3435)
4C1F84CB89772676D69B62CA0DC6869C,Commercial,Comm: Yes
B4685720D8E035C727EB3A20C750332E,Segment,Suezmax
B4685720D8E035C727EB3A20C750332E,Entity,Stena Sonangol Suezmax Pool LP (#3435)
B4685720D8E035C727EB3A20C750332E,Commercial,Comm: Yes
46D9916D228AB779E22FD089E6A7F2A6,Age/Design,Non Scrubber
46D9916D228AB779E22FD089E6A7F2A6,COA,NBPOL 2021
46D9916D228AB779E22FD089E6A7F2A6,Pool,Short Pool (#170)
46D9916D228AB779E22FD089E6A7F2A6,Segment,"MR ECO, short"
46D9916D228AB779E22FD089E6A7F2A6,Entity,Stena Bulk A/S (#341)
46D9916D228AB779E22FD089E6A7F2A6,Sanction,Not Sanctioned
46D9916D228AB779E22FD089E6A7F2A6,Commercial,Comm: Yes
B6614CCE3D63007B002D734122FA8E36,Age/Design,Non Scrubber
B6614CCE3D63007B002D734122FA8E36,Pool,ECO Pool (#150)
B6614CCE3D63007B002D734122FA8E36,Segment,"MR ECO, long"
B6614CCE3D63007B002D734122FA8E36,Entity,Stena Bulk A/S (#341)
B6614CCE3D63007B002D734122FA8E36,Sanction,Not Sanctioned
B6614CCE3D63007B002D734122FA8E36,Commercial,Comm: Yes
0E65343A82514C88D5542507A9EA6775,Pool,ECO Pool (#150)
0E65343A82514C88D5542507A9EA6775,Segment,"MR ECO, long"
0E65343A82514C88D5542507A9EA6775,Entity,Stena Bulk A/S (#341)
0E65343A82514C88D5542507A9EA6775,Commercial,Comm: Yes
BDB4814CFED1CD3F8AE2A41A6A974D39,Pool,IMO Pool (#160)
BDB4814CFED1CD3F8AE2A41A6A974D39,Segment,"MR IMOIIMAX, long"
BDB4814CFED1CD3F8AE2A41A6A974D39,Entity,Stena Bulk A/S (#341)
BDB4814CFED1CD3F8AE2A41A6A974D39,Commercial,Comm: Yes
F25578268AE09CC62BF210B7D75F4C0E,Age/Design,Scrubber
F25578268AE09CC62BF210B7D75F4C0E,Pool,IMO Pool (#160)
F25578268AE09CC62BF210B7D75F4C0E,Segment,"MR IMOIIMAX, long"
F25578268AE09CC62BF210B7D75F4C0E,Entity,Stena Bulk A/S (#341)
F25578268AE09CC62BF210B7D75F4C0E,Commercial,Comm: Yes
7D170B2516F15464B43B76915059DE41,Age/Design,Scrubber
7D170B2516F15464B43B76915059DE41,Segment,Suezmax
7D170B2516F15464B43B76915059DE41,Entity,Stena Sonangol Suezmax Pool LP (#3435)
7D170B2516F15464B43B76915059DE41,Commercial,Comm: Yes
630EBC2029AA2497E50752A749D84D58,Age/Design,Scrubber
630EBC2029AA2497E50752A749D84D58,Pool,ECO Pool (#150)
630EBC2029AA2497E50752A749D84D58,Segment,"MR old, long"
630EBC2029AA2497E50752A749D84D58,Entity,Stena Bulk A/S (#341)
630EBC2029AA2497E50752A749D84D58,Commercial,Comm: Yes
3D2440DD8AF0499B880E125DF08DB664,Age/Design,Scrubber
3D2440DD8AF0499B880E125DF08DB664,Keyword,PnC SING
3D2440DD8AF0499B880E125DF08DB664,Pool,Short Pool (#170)
3D2440DD8AF0499B880E125DF08DB664,Segment,"MR ECO, short"
3D2440DD8AF0499B880E125DF08DB664,Entity,Stena Bulk A/S (#341)
3D2440DD8AF0499B880E125DF08DB664,Sanction,Not Sanctioned
3D2440DD8AF0499B880E125DF08DB664,Commercial,Comm: Yes
C57DA351AAA3CF0E6B08A4CC2A51B663,Age/Design,Scrubber
C57DA351AAA3CF0E6B08A4CC2A51B663,Segment,Suezmax
C57DA351AAA3CF0E6B08A4CC2A51B663,Entity,Stena Sonangol Suezmax Pool LP (#3435)
C57DA351AAA3CF0E6B08A4CC2A51B663,Commercial,Comm: Yes
5592CEE70EFA652B2EA0EC9C7CD9A0BB,Age/Design,Scrubber
5592CEE70EFA652B2EA0EC9C7CD9A0BB,Segment,Suezmax
5592CEE70EFA652B2EA0EC9C7CD9A0BB,Entity,Stena Sonangol Suezmax Pool (#3424)
5592CEE70EFA652B2EA0EC9C7CD9A0BB,Commercial,Comm: Yes
2AB1631CC7C5ED0B6306EE74CE81DEBB,Segment,Suezmax
2AB1631CC7C5ED0B6306EE74CE81DEBB,Entity,Stena Sonangol Suezmax Pool LP (#3435)
2AB1631CC7C5ED0B6306EE74CE81DEBB,Commercial,Comm: Yes
4F9EDC019D5E64B0F0E71E9198AE9430,Segment,Suezmax
4F9EDC019D5E64B0F0E71E9198AE9430,Entity,Stena Sonangol Suezmax Pool LP (#3435)
4F9EDC019D5E64B0F0E71E9198AE9430,Commercial,Comm: Yes
09937CC14196235E4F9899AFCEFF5323,Pool,PMAX (#800)
09937CC14196235E4F9899AFCEFF5323,Segment,"P-Max, Clean"
09937CC14196235E4F9899AFCEFF5323,Entity,Stena Bulk AB (#303)
09937CC14196235E4F9899AFCEFF5323,Commercial,Comm: Yes
DCA773070ABC1145C2A0F285F1E86D3C,Segment,Suezmax
DCA773070ABC1145C2A0F285F1E86D3C,Entity,Stena Sonangol Suezmax Pool LP (#3435)
DCA773070ABC1145C2A0F285F1E86D3C,Commercial,Comm: Yes
A237300109E434ECC558055010602D4F,Age/Design,Non Scrubber
A237300109E434ECC558055010602D4F,Pool,Short Pool (#170)
A237300109E434ECC558055010602D4F,Segment,"MR ECO, short"
A237300109E434ECC558055010602D4F,Entity,Stena Bulk A/S (#341)
A237300109E434ECC558055010602D4F,Sanction,Not Sanctioned
10DD5B8D260704FA7FB3A5451D354921,Age/Design,Scrubber
10DD5B8D260704FA7FB3A5451D354921,Keyword,PnC CPH
10DD5B8D260704FA7FB3A5451D354921,Pool,ECO Pool (#150)
10DD5B8D260704FA7FB3A5451D354921,Segment,"MR ECO, long"
10DD5B8D260704FA7FB3A5451D354921,Entity,Stena Bulk A/S (#341)
10DD5B8D260704FA7FB3A5451D354921,Sanction,Not Sanctioned
10DD5B8D260704FA7FB3A5451D354921,Commercial,Comm: Yes
10DD5B8D260704FA7FB3A5451D354921,Age/Design,Scrubber
10DD5B8D260704FA7FB3A5451D354921,Keyword,PnC CPH
10DD5B8D260704FA7FB3A5451D354921,Pool,ECO Pool (#150)
10DD5B8D260704FA7FB3A5451D354921,Segment,"MR ECO, long"
10DD5B8D260704FA7FB3A5451D354921,Entity,Stena Bulk A/S (#341)
10DD5B8D260704FA7FB3A5451D354921,Sanction,Not Sanctioned
10DD5B8D260704FA7FB3A5451D354921,Commercial,Comm: Yes
7A113DF27C0B5696987DFE7BEFAD1A9A,Segment,Suezmax
7A113DF27C0B5696987DFE7BEFAD1A9A,Entity,Stena Sonangol Suezmax Pool LP (#3435)
7A113DF27C0B5696987DFE7BEFAD1A9A,Commercial,Comm: Yes
12CB2841208A0DC5C23A5BF24D1A74D5,Pool,ECO Pool (#150)
12CB2841208A0DC5C23A5BF24D1A74D5,Segment,"MR old, long"
12CB2841208A0DC5C23A5BF24D1A74D5,Entity,Stena Bulk A/S (#341)
12CB2841208A0DC5C23A5BF24D1A74D5,Sanction,Not Sanctioned
12CB2841208A0DC5C23A5BF24D1A74D5,Commercial,Comm: Yes
2266DD37FDD2E58B8F57EBC336DCC901,Pool,ECO Pool (#150)
2266DD37FDD2E58B8F57EBC336DCC901,Segment,"MR ECO, long"
2266DD37FDD2E58B8F57EBC336DCC901,Entity,Stena Bulk A/S (#341)
2266DD37FDD2E58B8F57EBC336DCC901,Commercial,Comm: Yes
F5F7B9BEBBCF26E2ED71AF39FB419362,Pool,ECO Pool (#150)
F5F7B9BEBBCF26E2ED71AF39FB419362,Segment,"MR ECO, long"
F5F7B9BEBBCF26E2ED71AF39FB419362,Entity,Stena Bulk A/S (#341)
F5F7B9BEBBCF26E2ED71AF39FB419362,Sanction,Not Sanctioned
F5F7B9BEBBCF26E2ED71AF39FB419362,Commercial,Comm: Yes
9861D70191809EAF6FE6CDA80F92ADD9,Age/Design,Scrubber
9861D70191809EAF6FE6CDA80F92ADD9,Pool,IMO Pool (#160)
9861D70191809EAF6FE6CDA80F92ADD9,Segment,"MR IMOIIMAX, long"
9861D70191809EAF6FE6CDA80F92ADD9,Entity,Stena Bulk A/S (#341)
9861D70191809EAF6FE6CDA80F92ADD9,Commercial,Comm: Yes
31C29DEBBEC96A3D145F9EE7D81A3228,Age/Design,Non Scrubber
31C29DEBBEC96A3D145F9EE7D81A3228,Pool,Short Pool (#170)
31C29DEBBEC96A3D145F9EE7D81A3228,Segment,"MR ECO, short"
31C29DEBBEC96A3D145F9EE7D81A3228,Entity,Stena Bulk A/S (#341)
31C29DEBBEC96A3D145F9EE7D81A3228,Sanction,Not Sanctioned
31C29DEBBEC96A3D145F9EE7D81A3228,Commercial,Comm: Yes
6CE9F9EAD968CB985BEF85C6B8F40B0D,Age/Design,Non Scrubber
6CE9F9EAD968CB985BEF85C6B8F40B0D,Pool,ECO Pool (#150)
6CE9F9EAD968CB985BEF85C6B8F40B0D,Segment,"MR old, long"
6CE9F9EAD968CB985BEF85C6B8F40B0D,Entity,Stena Bulk A/S (#341)
6CE9F9EAD968CB985BEF85C6B8F40B0D,Sanction,Not Sanctioned
6CE9F9EAD968CB985BEF85C6B8F40B0D,Commercial,Comm: Yes
F5F7B9BEBBCF26E2ED71AF39FB419362,Pool,ECO Pool (#150)
F5F7B9BEBBCF26E2ED71AF39FB419362,Segment,"MR ECO, long"
F5F7B9BEBBCF26E2ED71AF39FB419362,Entity,Stena Bulk A/S (#341)
F5F7B9BEBBCF26E2ED71AF39FB419362,Sanction,Not Sanctioned
F5F7B9BEBBCF26E2ED71AF39FB419362,Commercial,Comm: Yes
49F4850B15427354A8876AC8B4F3E0E0,Keyword,PnC HOU
49F4850B15427354A8876AC8B4F3E0E0,Pool,Short Pool (#170)
49F4850B15427354A8876AC8B4F3E0E0,Segment,"Relet, short"
49F4850B15427354A8876AC8B4F3E0E0,Entity,Stena Bulk A/S (#341)
49F4850B15427354A8876AC8B4F3E0E0,Sanction,Not Sanctioned
4EE6C685CBB1E1507035F6E201D1F380,Pool,ECO Pool (#150)
4EE6C685CBB1E1507035F6E201D1F380,Segment,"MR ECO, long"
4EE6C685CBB1E1507035F6E201D1F380,Entity,Stena Bulk A/S (#341)
4EE6C685CBB1E1507035F6E201D1F380,Commercial,Comm: Yes
4280C2DE64C250FB00B844E9C9F7D17F,Keyword,PnC HOU
4280C2DE64C250FB00B844E9C9F7D17F,Pool,Short Pool (#170)
4280C2DE64C250FB00B844E9C9F7D17F,Segment,"Relet, short"
4280C2DE64C250FB00B844E9C9F7D17F,Entity,Stena Bulk A/S (#341)
4280C2DE64C250FB00B844E9C9F7D17F,Commercial,Comm: Yes
04FAD0AC5448D11EA189B6DB4E99CA79,Segment,Suezmax
04FAD0AC5448D11EA189B6DB4E99CA79,Entity,Stena Sonangol Suezmax Pool LP (#3435)
04FAD0AC5448D11EA189B6DB4E99CA79,Commercial,Comm: Yes
9BDCAA797F4FED88A2321088BE3D8B11,Age/Design,Non Scrubber
9BDCAA797F4FED88A2321088BE3D8B11,Pool,ECO Pool (#150)
9BDCAA797F4FED88A2321088BE3D8B11,Segment,"MR ECO, long"
9BDCAA797F4FED88A2321088BE3D8B11,Entity,Stena Bulk A/S (#341)
9BDCAA797F4FED88A2321088BE3D8B11,Sanction,Not Sanctioned
6EAD2017942027132EF7C97F4A2429C5,Age/Design,Non Scrubber
6EAD2017942027132EF7C97F4A2429C5,Pool,ECO Pool (#150)
6EAD2017942027132EF7C97F4A2429C5,Segment,"MR ECO, long"
6EAD2017942027132EF7C97F4A2429C5,Entity,Stena Bulk A/S (#341)
6EAD2017942027132EF7C97F4A2429C5,Sanction,Not Sanctioned
6EAD2017942027132EF7C97F4A2429C5,Commercial,Comm: Yes
BE1DD00C1A843BD3F186001DAC53C44B,Age/Design,Scrubber
BE1DD00C1A843BD3F186001DAC53C44B,Pool,TC OUT (#190)
BE1DD00C1A843BD3F186001DAC53C44B,Segment,"MR IMOIIMAX, long"
BE1DD00C1A843BD3F186001DAC53C44B,Entity,Stena Bulk A/S (#341)
BE1DD00C1A843BD3F186001DAC53C44B,Commercial,Comm: Yes
D79EF7A864BEEED8EFA823DB6B833DF1,Segment,Suezmax
D79EF7A864BEEED8EFA823DB6B833DF1,Entity,Stena Sonangol Suezmax Pool LP (#3435)
D79EF7A864BEEED8EFA823DB6B833DF1,Commercial,Comm: Yes
AE215FFF2FEFA4C37157FB89A30CD97A,Age/Design,Scrubber
AE215FFF2FEFA4C37157FB89A30CD97A,Segment,Suezmax
AE215FFF2FEFA4C37157FB89A30CD97A,Entity,Stena Sonangol Suezmax Pool LP (#3435)
AE215FFF2FEFA4C37157FB89A30CD97A,Commercial,Comm: Yes
FA0A5C31AA9FF7A89DD8F11D6CF0A382,Pool,PMAX (#800)
FA0A5C31AA9FF7A89DD8F11D6CF0A382,Segment,"P-Max, Dirty"
FA0A5C31AA9FF7A89DD8F11D6CF0A382,Entity,Stena Bulk AB (#303)
FA0A5C31AA9FF7A89DD8F11D6CF0A382,Commercial,Comm: Yes
DAF1D90B6196E9700307D8A6A9936103,Age/Design,Scrubber
DAF1D90B6196E9700307D8A6A9936103,Pool,ECO Pool (#150)
DAF1D90B6196E9700307D8A6A9936103,Segment,"MR ECO, long"
DAF1D90B6196E9700307D8A6A9936103,Entity,Stena Bulk A/S (#341)
DAF1D90B6196E9700307D8A6A9936103,Commercial,Comm: Yes
DAF1D90B6196E9700307D8A6A9936103,Age/Design,Scrubber
DAF1D90B6196E9700307D8A6A9936103,Pool,ECO Pool (#150)
DAF1D90B6196E9700307D8A6A9936103,Segment,"MR ECO, long"
DAF1D90B6196E9700307D8A6A9936103,Entity,Stena Bulk A/S (#341)
DAF1D90B6196E9700307D8A6A9936103,Commercial,Comm: Yes
AF2F04B8767A52260542A871A03AC2CB,Pool,PMAX (#800)
AF2F04B8767A52260542A871A03AC2CB,Segment,"P-Max, Clean"
AF2F04B8767A52260542A871A03AC2CB,Entity,Stena Bulk AB (#303)
AF2F04B8767A52260542A871A03AC2CB,Commercial,Comm: Yes
138F391E0885C9123C2C84C46AFD7B8D,Pool,Short Pool (#170)
138F391E0885C9123C2C84C46AFD7B8D,Segment,"MR ECO, short"
138F391E0885C9123C2C84C46AFD7B8D,Entity,Stena Bulk A/S (#341)
138F391E0885C9123C2C84C46AFD7B8D,Sanction,Not Sanctioned
CEF3067C99C4218B8AF32EFE130483FE,Age/Design,Scrubber
CEF3067C99C4218B8AF32EFE130483FE,Pool,ECO Pool (#150)
CEF3067C99C4218B8AF32EFE130483FE,Segment,"MR ECO, long"
CEF3067C99C4218B8AF32EFE130483FE,Entity,Stena Bulk A/S (#341)
CEF3067C99C4218B8AF32EFE130483FE,Sanction,Not Sanctioned
CEF3067C99C4218B8AF32EFE130483FE,Commercial,Comm: Yes
1703391CDEB89B88F19D1476A4293426,Pool,Short Pool (#170)
1703391CDEB89B88F19D1476A4293426,Segment,"Relet, short"
1703391CDEB89B88F19D1476A4293426,Entity,Stena Bulk A/S (#341)
1703391CDEB89B88F19D1476A4293426,Commercial,Comm: Yes
E107CCD9CB70B11C45E747A85E563B47,Pool,ECO Pool (#150)
E107CCD9CB70B11C45E747A85E563B47,Segment,"MR ECO, long"
E107CCD9CB70B11C45E747A85E563B47,Entity,Stena Bulk A/S (#341)
E107CCD9CB70B11C45E747A85E563B47,Commercial,Comm: Yes
8EF249A7528E9843FCAB2B9F0E837E7A,Pool,Short Pool (#170)
8EF249A7528E9843FCAB2B9F0E837E7A,Segment,"Relet, short"
8EF249A7528E9843FCAB2B9F0E837E7A,Entity,Stena Bulk A/S (#341)
8EF249A7528E9843FCAB2B9F0E837E7A,Commercial,Comm: Yes
62DB21A0AFDDC17127F0C7AF55B6A280,Pool,ECO Pool (#150)
62DB21A0AFDDC17127F0C7AF55B6A280,Segment,"MR ECO, long"
62DB21A0AFDDC17127F0C7AF55B6A280,Entity,Stena Bulk A/S (#341)
62DB21A0AFDDC17127F0C7AF55B6A280,Commercial,Comm: Yes
1B496294F883F48AE84634E49A4615F5,Age/Design,Scrubber
1B496294F883F48AE84634E49A4615F5,Pool,ECO Pool (#150)
1B496294F883F48AE84634E49A4615F5,Segment,"MR ECO, long"
1B496294F883F48AE84634E49A4615F5,Entity,Stena Bulk A/S (#341)
1B496294F883F48AE84634E49A4615F5,Commercial,Comm: Yes
EF2AC32A9F4AC4AA5CEBFC183AFDE4C1,Segment,Suezmax
EF2AC32A9F4AC4AA5CEBFC183AFDE4C1,Entity,Stena Sonangol Suezmax Pool (#3424)
EF2AC32A9F4AC4AA5CEBFC183AFDE4C1,Commercial,Comm: Yes
209D06702B1690A482F4FC9834526205,Pool,PMAX (#800)
209D06702B1690A482F4FC9834526205,Segment,"P-Max, Clean"
209D06702B1690A482F4FC9834526205,Entity,Stena Bulk AB (#303)
209D06702B1690A482F4FC9834526205,Commercial,Comm: Yes
9AF6334A8B073140DE0639C28CDF9AC4,Age/Design,Scrubber
9AF6334A8B073140DE0639C28CDF9AC4,Pool,TC OUT (#190)
9AF6334A8B073140DE0639C28CDF9AC4,Segment,"MR IMOIIMAX, long"
9AF6334A8B073140DE0639C28CDF9AC4,Entity,Stena Bulk A/S (#341)
9AF6334A8B073140DE0639C28CDF9AC4,Commercial,Comm: Yes
6764746342633B3439D17997423D14DF,Pool,Short Pool (#170)
6764746342633B3439D17997423D14DF,Segment,"Relet, short"
6764746342633B3439D17997423D14DF,Entity,Stena Bulk A/S (#341)
6764746342633B3439D17997423D14DF,Commercial,Comm: Yes
BDB4814CFED1CD3F8AE2A41A6A974D39,Pool,IMO Pool (#160)
BDB4814CFED1CD3F8AE2A41A6A974D39,Segment,"MR IMOIIMAX, long"
BDB4814CFED1CD3F8AE2A41A6A974D39,Entity,Stena Bulk A/S (#341)
BDB4814CFED1CD3F8AE2A41A6A974D39,Commercial,Comm: Yes
A8F6B5DE0F368BE91EC3DFFE7D647BAF,Age/Design,Non Scrubber
A8F6B5DE0F368BE91EC3DFFE7D647BAF,Pool,Short Pool (#170)
A8F6B5DE0F368BE91EC3DFFE7D647BAF,Segment,"MR old, short"
A8F6B5DE0F368BE91EC3DFFE7D647BAF,Entity,Stena Bulk A/S (#341)
A8F6B5DE0F368BE91EC3DFFE7D647BAF,Sanction,Not Sanctioned
A8F6B5DE0F368BE91EC3DFFE7D647BAF,Commercial,Comm: Yes
4F28BB9467ECBAEF32C5C436E1FEFBCD,Pool,PMAX (#800)
4F28BB9467ECBAEF32C5C436E1FEFBCD,Segment,"P-Max, Clean"
4F28BB9467ECBAEF32C5C436E1FEFBCD,Entity,Stena Bulk AB (#303)
4F28BB9467ECBAEF32C5C436E1FEFBCD,Commercial,Comm: Yes
9873957C11F37CC17F316884313300F2,Pool,Short Pool (#170)
9873957C11F37CC17F316884313300F2,Segment,"MR ECO, short"
9873957C11F37CC17F316884313300F2,Entity,Stena Bulk A/S (#341)
9873957C11F37CC17F316884313300F2,Sanction,Not Sanctioned
9873957C11F37CC17F316884313300F2,Commercial,Comm: Yes
842F0535922ACCC2F16B35A846DBF874,Pool,PMAX (#800)
842F0535922ACCC2F16B35A846DBF874,Segment,"P-Max, Dirty"
842F0535922ACCC2F16B35A846DBF874,Entity,Stena Bulk AB (#303)
842F0535922ACCC2F16B35A846DBF874,Commercial,Comm: Yes
ADA071DD33AB3CF31F01D9BDF70CA42F,Age/Design,Scrubber
ADA071DD33AB3CF31F01D9BDF70CA42F,Pool,Short Pool (#170)
ADA071DD33AB3CF31F01D9BDF70CA42F,Segment,"MR ECO, short"
ADA071DD33AB3CF31F01D9BDF70CA42F,Entity,Stena Bulk A/S (#341)
ADA071DD33AB3CF31F01D9BDF70CA42F,Sanction,Not Sanctioned
55F46367E993D35D711B70218E27A939,Age/Design,Non Scrubber
55F46367E993D35D711B70218E27A939,Pool,ECO Pool (#150)
55F46367E993D35D711B70218E27A939,Segment,"MR ECO, long"
55F46367E993D35D711B70218E27A939,Entity,Stena Bulk A/S (#341)
55F46367E993D35D711B70218E27A939,Sanction,Not Sanctioned
53C84FCDEA5F4068C5811135A9BE2C99,Pool,ECO Pool (#150)
53C84FCDEA5F4068C5811135A9BE2C99,Segment,"MR ECO, long"
53C84FCDEA5F4068C5811135A9BE2C99,Entity,Stena Bulk A/S (#341)
53C84FCDEA5F4068C5811135A9BE2C99,Commercial,Comm: Yes
8B70E58F993A222EF09167D8A968B1CF,Age/Design,Scrubber
8B70E58F993A222EF09167D8A968B1CF,Segment,Suezmax
8B70E58F993A222EF09167D8A968B1CF,Entity,Stena Sonangol Suezmax Pool LP (#3435)
8B70E58F993A222EF09167D8A968B1CF,Commercial,Comm: Yes
90E05BE859AE7BB2FAB373783D7C1CA8,Age/Design,Scrubber
90E05BE859AE7BB2FAB373783D7C1CA8,Pool,IMO Pool (#160)
90E05BE859AE7BB2FAB373783D7C1CA8,Segment,"MR IMOIIMAX, long"
90E05BE859AE7BB2FAB373783D7C1CA8,Entity,Stena Bulk A/S (#341)
90E05BE859AE7BB2FAB373783D7C1CA8,Commercial,Comm: Yes
E2854BB34A0D264C7428F779502F0026,Age/Design,Scrubber
E2854BB34A0D264C7428F779502F0026,Pool,IMO Pool (#160)
E2854BB34A0D264C7428F779502F0026,Segment,"MR IMOIIMAX, long"
E2854BB34A0D264C7428F779502F0026,Entity,Stena Bulk A/S (#341)
E2854BB34A0D264C7428F779502F0026,Commercial,Comm: Yes
B0EBA4CD47B917941B01EDFF1AF1AB12,Age/Design,Scrubber
B0EBA4CD47B917941B01EDFF1AF1AB12,Keyword,PnC CPH
B0EBA4CD47B917941B01EDFF1AF1AB12,Pool,ECO Pool (#150)
B0EBA4CD47B917941B01EDFF1AF1AB12,Segment,"MR ECO, long"
B0EBA4CD47B917941B01EDFF1AF1AB12,Entity,Stena Bulk A/S (#341)
B0EBA4CD47B917941B01EDFF1AF1AB12,Sanction,Not Sanctioned
B0EBA4CD47B917941B01EDFF1AF1AB12,Commercial,Comm: Yes
6A04282955D2D60041BA4C0B00135C5E,Segment,LNG
6A04282955D2D60041BA4C0B00135C5E,Entity,Stena Bulk AB (#303)
6A04282955D2D60041BA4C0B00135C5E,Commercial,Comm: Yes
55F46367E993D35D711B70218E27A939,Age/Design,Non Scrubber
55F46367E993D35D711B70218E27A939,Pool,ECO Pool (#150)
55F46367E993D35D711B70218E27A939,Segment,"MR ECO, long"
55F46367E993D35D711B70218E27A939,Entity,Stena Bulk A/S (#341)
55F46367E993D35D711B70218E27A939,Sanction,Not Sanctioned
8B7F51700C8A90C720AB3E1DCD0DD943,Segment,Suezmax
8B7F51700C8A90C720AB3E1DCD0DD943,Entity,Stena Sonangol Suezmax Pool LP (#3435)
8B7F51700C8A90C720AB3E1DCD0DD943,Commercial,Comm: Yes
B1FB3C8A79375979F734E114C0763401,Segment,Suezmax
B1FB3C8A79375979F734E114C0763401,Entity,Stena Sonangol Suezmax Pool LP (#3435)
B1FB3C8A79375979F734E114C0763401,Commercial,Comm: Yes
36F61AB9CBE861E3894602E7B58BF7AE,Pool,Short Pool (#170)
36F61AB9CBE861E3894602E7B58BF7AE,Segment,"Relet, short"
36F61AB9CBE861E3894602E7B58BF7AE,Entity,Stena Bulk A/S (#341)
36F61AB9CBE861E3894602E7B58BF7AE,Sanction,Not Sanctioned
36F61AB9CBE861E3894602E7B58BF7AE,Commercial,Comm: Yes
F8340B946323D646B154CCE36027A79A,Segment,Suezmax
F8340B946323D646B154CCE36027A79A,Entity,Stena Sonangol Suezmax Pool LP (#3435)
F8340B946323D646B154CCE36027A79A,Commercial,Comm: Yes
357FAC00D6C84A4895D309EB1BAA9AC8,Segment,Suezmax
357FAC00D6C84A4895D309EB1BAA9AC8,Entity,Stena Sonangol Suezmax Pool LP (#3435)
357FAC00D6C84A4895D309EB1BAA9AC8,Commercial,Comm: Yes
B9DACABA610C5417B92548AC8CA2C9CA,Age/Design,Non Scrubber
B9DACABA610C5417B92548AC8CA2C9CA,Pool,ECO Pool (#150)
B9DACABA610C5417B92548AC8CA2C9CA,Segment,"MR ECO, long"
B9DACABA610C5417B92548AC8CA2C9CA,Entity,Stena Bulk A/S (#341)
B9DACABA610C5417B92548AC8CA2C9CA,Sanction,Not Sanctioned
B9DACABA610C5417B92548AC8CA2C9CA,Commercial,Comm: Yes
90E05BE859AE7BB2FAB373783D7C1CA8,Age/Design,Scrubber
90E05BE859AE7BB2FAB373783D7C1CA8,Pool,IMO Pool (#160)
90E05BE859AE7BB2FAB373783D7C1CA8,Segment,"MR IMOIIMAX, long"
90E05BE859AE7BB2FAB373783D7C1CA8,Entity,Stena Bulk A/S (#341)
90E05BE859AE7BB2FAB373783D7C1CA8,Commercial,Comm: Yes
A6D18D7D026A1E5C0404AFE28DC9DD3F,Pool,IMO Pool (#160)
A6D18D7D026A1E5C0404AFE28DC9DD3F,Segment,"MR IMOIIMAX, long"
A6D18D7D026A1E5C0404AFE28DC9DD3F,Entity,Stena Bulk A/S (#341)
A6D18D7D026A1E5C0404AFE28DC9DD3F,Commercial,Comm: Yes
760B3B52AAAFEF0E239DC4DE06165A84,Segment,Suezmax
760B3B52AAAFEF0E239DC4DE06165A84,Entity,Stena Sonangol Suezmax Pool LP (#3435)
760B3B52AAAFEF0E239DC4DE06165A84,Commercial,Comm: Yes
F8554893ECD3A7F60CF04BC7571C1250,Pool,Short Pool (#170)
F8554893ECD3A7F60CF04BC7571C1250,Segment,"Relet, short"
F8554893ECD3A7F60CF04BC7571C1250,Entity,Stena Bulk A/S (#341)
79BF00C65A08B8357A9AB961967A7657,Age/Design,Non Scrubber
79BF00C65A08B8357A9AB961967A7657,Keyword,PnC CPH
79BF00C65A08B8357A9AB961967A7657,Pool,Short Pool (#170)
79BF00C65A08B8357A9AB961967A7657,Segment,"MR ECO, short"
79BF00C65A08B8357A9AB961967A7657,Entity,Stena Bulk A/S (#341)
79BF00C65A08B8357A9AB961967A7657,Sanction,Not Sanctioned
79BF00C65A08B8357A9AB961967A7657,Commercial,Comm: Yes
A6D18D7D026A1E5C0404AFE28DC9DD3F,Pool,IMO Pool (#160)
A6D18D7D026A1E5C0404AFE28DC9DD3F,Segment,"MR IMOIIMAX, long"
A6D18D7D026A1E5C0404AFE28DC9DD3F,Entity,Stena Bulk A/S (#341)
A6D18D7D026A1E5C0404AFE28DC9DD3F,Commercial,Comm: Yes
22DFDE403F148EF5A72BF5B05F422E57,Keyword,PnC CPH
22DFDE403F148EF5A72BF5B05F422E57,Pool,ECO Pool (#150)
22DFDE403F148EF5A72BF5B05F422E57,Segment,"MR ECO, long"
22DFDE403F148EF5A72BF5B05F422E57,Entity,Stena Bulk A/S (#341)
22DFDE403F148EF5A72BF5B05F422E57,Sanction,Not Sanctioned
22DFDE403F148EF5A72BF5B05F422E57,Commercial,Comm: Yes
270BD6790EEC03C7F28B472F9BF94FFE,Age/Design,Scrubber
270BD6790EEC03C7F28B472F9BF94FFE,Segment,Suezmax
270BD6790EEC03C7F28B472F9BF94FFE,Entity,Stena Sonangol Suezmax Pool (#3424)
270BD6790EEC03C7F28B472F9BF94FFE,Commercial,Comm: Yes
F1D94A5E1ECF73061110D1779A885674,Age/Design,Scrubber
F1D94A5E1ECF73061110D1779A885674,Segment,Suezmax
F1D94A5E1ECF73061110D1779A885674,Entity,Stena Sonangol Suezmax Pool (#3424)
F1D94A5E1ECF73061110D1779A885674,Commercial,Comm: Yes
78DBD93D4999F30CA183C1D55738CA44,Age/Design,Non Scrubber
78DBD93D4999F30CA183C1D55738CA44,Pool,ECO Pool (#150)
78DBD93D4999F30CA183C1D55738CA44,Segment,"MR ECO, long"
78DBD93D4999F30CA183C1D55738CA44,Entity,Stena Bulk A/S (#341)
78DBD93D4999F30CA183C1D55738CA44,Sanction,Not Sanctioned
78DBD93D4999F30CA183C1D55738CA44,Commercial,Comm: Yes
90E05BE859AE7BB2FAB373783D7C1CA8,Age/Design,Scrubber
90E05BE859AE7BB2FAB373783D7C1CA8,Pool,IMO Pool (#160)
90E05BE859AE7BB2FAB373783D7C1CA8,Segment,"MR IMOIIMAX, long"
90E05BE859AE7BB2FAB373783D7C1CA8,Entity,Stena Bulk A/S (#341)
90E05BE859AE7BB2FAB373783D7C1CA8,Commercial,Comm: Yes
8AD29A25E07A36337F61850610827582,Age/Design,Scrubber
8AD29A25E07A36337F61850610827582,Pool,IMO Pool (#160)
8AD29A25E07A36337F61850610827582,Segment,"MR IMOIIMAX, long"
8AD29A25E07A36337F61850610827582,Entity,Stena Bulk A/S (#341)
8AD29A25E07A36337F61850610827582,Commercial,Comm: Yes
FDD88EB1156DF00F1AD941997CCDECFA,Age/Design,Non Scrubber
FDD88EB1156DF00F1AD941997CCDECFA,Pool,Short Pool (#170)
FDD88EB1156DF00F1AD941997CCDECFA,Segment,"MR ECO, short"
FDD88EB1156DF00F1AD941997CCDECFA,Entity,Stena Bulk A/S (#341)
FDD88EB1156DF00F1AD941997CCDECFA,Sanction,Not Sanctioned
4E99D2C44C51CEEB29AE46FA3DDDC7E3,Pool,ECO Pool (#150)
4E99D2C44C51CEEB29AE46FA3DDDC7E3,Segment,"MR ECO, long"
4E99D2C44C51CEEB29AE46FA3DDDC7E3,Entity,Stena Bulk A/S (#341)
4E99D2C44C51CEEB29AE46FA3DDDC7E3,Commercial,Comm: Yes
DF1C992930CF1E7F02862D6F16EA8EB8,Age/Design,Non Scrubber
DF1C992930CF1E7F02862D6F16EA8EB8,Operator,Josh Ervasti
DF1C992930CF1E7F02862D6F16EA8EB8,Pool,ECO Pool (#150)
DF1C992930CF1E7F02862D6F16EA8EB8,Segment,"MR old, long"
DF1C992930CF1E7F02862D6F16EA8EB8,Entity,Stena Bulk A/S (#341)
DF1C992930CF1E7F02862D6F16EA8EB8,Sanction,Not Sanctioned
DF1C992930CF1E7F02862D6F16EA8EB8,Commercial,Comm: Yes
0D37D4D676391F8BCACE4AC26EA54A65,Pool,IMO Pool (#160)
0D37D4D676391F8BCACE4AC26EA54A65,Segment,"MR IMOIIMAX, long"
0D37D4D676391F8BCACE4AC26EA54A65,Entity,Stena Bulk A/S (#341)
0D37D4D676391F8BCACE4AC26EA54A65,Commercial,Comm: Yes
8A3ABC80315DD6A26B6091103C6B82E5,Age/Design,Non Scrubber
8A3ABC80315DD6A26B6091103C6B82E5,Pool,ECO Pool (#150)
8A3ABC80315DD6A26B6091103C6B82E5,Segment,"MR ECO, long"
8A3ABC80315DD6A26B6091103C6B82E5,Entity,Stena Bulk A/S (#341)
8A3ABC80315DD6A26B6091103C6B82E5,Sanction,Not Sanctioned
8A3ABC80315DD6A26B6091103C6B82E5,Commercial,Comm: Yes
22246FB1DE7A239F885482B03824B573,Age/Design,Non Scrubber
22246FB1DE7A239F885482B03824B573,Keyword,PnC CPH
22246FB1DE7A239F885482B03824B573,Pool,Short Pool (#170)
22246FB1DE7A239F885482B03824B573,Segment,"MR ECO, short"
22246FB1DE7A239F885482B03824B573,Entity,Stena Bulk A/S (#341)
22246FB1DE7A239F885482B03824B573,Sanction,Not Sanctioned
22246FB1DE7A239F885482B03824B573,Commercial,Comm: Yes
CD64EFB501362F031C7E35F562A55032,Age/Design,Scrubber
CD64EFB501362F031C7E35F562A55032,Segment,Suezmax
CD64EFB501362F031C7E35F562A55032,Entity,Stena Sonangol Suezmax Pool (#3424)
CD64EFB501362F031C7E35F562A55032,Commercial,Comm: Yes
30AC9943E9E53C0639904865B75549D5,Age/Design,Non Scrubber
30AC9943E9E53C0639904865B75549D5,Pool,ECO Pool (#150)
30AC9943E9E53C0639904865B75549D5,Segment,"MR ECO, long"
30AC9943E9E53C0639904865B75549D5,Entity,Stena Bulk A/S (#341)
30AC9943E9E53C0639904865B75549D5,Sanction,Not Sanctioned
55F46367E993D35D711B70218E27A939,Age/Design,Non Scrubber
55F46367E993D35D711B70218E27A939,Pool,ECO Pool (#150)
55F46367E993D35D711B70218E27A939,Segment,"MR ECO, long"
55F46367E993D35D711B70218E27A939,Entity,Stena Bulk A/S (#341)
55F46367E993D35D711B70218E27A939,Sanction,Not Sanctioned
8449CB98CE2FA36CB9033CF91115C5C2,Age/Design,Non Scrubber
8449CB98CE2FA36CB9033CF91115C5C2,Pool,Short Pool (#170)
8449CB98CE2FA36CB9033CF91115C5C2,Segment,"MR old, short"
8449CB98CE2FA36CB9033CF91115C5C2,Entity,Stena Bulk A/S (#341)
8449CB98CE2FA36CB9033CF91115C5C2,Sanction,Not Sanctioned
8449CB98CE2FA36CB9033CF91115C5C2,Commercial,Comm: Yes
73000E8A465CAAA665C2D42769A580ED,Segment,Suezmax
73000E8A465CAAA665C2D42769A580ED,Entity,Stena Sonangol Suezmax Pool LP (#3435)
73000E8A465CAAA665C2D42769A580ED,Commercial,Comm: Yes
29D731CBA321CDF2D0629382FF51893D,Age/Design,Scrubber
29D731CBA321CDF2D0629382FF51893D,Keyword,PnC CPH
29D731CBA321CDF2D0629382FF51893D,Pool,Short Pool (#170)
29D731CBA321CDF2D0629382FF51893D,Segment,"MR ECO, short"
29D731CBA321CDF2D0629382FF51893D,Entity,Stena Bulk A/S (#341)
29D731CBA321CDF2D0629382FF51893D,Sanction,Not Sanctioned
29D731CBA321CDF2D0629382FF51893D,Commercial,Comm: Yes
F5500D34B0B3AE1A460960B70BE3BAD0,Age/Design,Non Scrubber
F5500D34B0B3AE1A460960B70BE3BAD0,Pool,Short Pool (#170)
F5500D34B0B3AE1A460960B70BE3BAD0,Segment,"MR ECO, short"
F5500D34B0B3AE1A460960B70BE3BAD0,Entity,Stena Bulk A/S (#341)
F5500D34B0B3AE1A460960B70BE3BAD0,Sanction,Not Sanctioned
F5500D34B0B3AE1A460960B70BE3BAD0,Commercial,Comm: Yes
9ADD42678DB78F25AAB34AD9A2D13F8B,Age/Design,Non Scrubber
9ADD42678DB78F25AAB34AD9A2D13F8B,Keyword,PnC CPH
9ADD42678DB78F25AAB34AD9A2D13F8B,Pool,ECO Pool (#150)
9ADD42678DB78F25AAB34AD9A2D13F8B,Segment,"MR ECO, long"
9ADD42678DB78F25AAB34AD9A2D13F8B,Entity,Stena Bulk A/S (#341)
9ADD42678DB78F25AAB34AD9A2D13F8B,Sanction,Not Sanctioned
9ADD42678DB78F25AAB34AD9A2D13F8B,Commercial,Comm: Yes
A8A35A79EADDAA6F21C963A0EA0CF2B9,Age/Design,Non Scrubber
A8A35A79EADDAA6F21C963A0EA0CF2B9,Keyword,PnC CPH
A8A35A79EADDAA6F21C963A0EA0CF2B9,Pool,Short Pool (#170)
A8A35A79EADDAA6F21C963A0EA0CF2B9,Segment,"MR old, short"
A8A35A79EADDAA6F21C963A0EA0CF2B9,Entity,Stena Bulk A/S (#341)
A8A35A79EADDAA6F21C963A0EA0CF2B9,Sanction,Not Sanctioned
A8A35A79EADDAA6F21C963A0EA0CF2B9,Commercial,Comm: Yes
6B083824E4C5CAA5E2C424279A04B47D,Segment,Suezmax
6B083824E4C5CAA5E2C424279A04B47D,Entity,Stena Sonangol Suezmax Pool LP (#3435)
6B083824E4C5CAA5E2C424279A04B47D,Commercial,Comm: Yes
F9AB9B27166B24BA3349FD94DD0F39E4,COA,UMOL 2021
F9AB9B27166B24BA3349FD94DD0F39E4,Pool,Short Pool (#170)
F9AB9B27166B24BA3349FD94DD0F39E4,Segment,"Relet, short"
F9AB9B27166B24BA3349FD94DD0F39E4,Entity,Stena Bulk A/S (#341)
F9AB9B27166B24BA3349FD94DD0F39E4,Sanction,Not Sanctioned
F9AB9B27166B24BA3349FD94DD0F39E4,Commercial,Comm: Yes
61DAFB33177871D584402E691C8C912D,Segment,Suezmax
61DAFB33177871D584402E691C8C912D,Entity,Stena Sonangol Suezmax Pool (#3424)
61DAFB33177871D584402E691C8C912D,Commercial,Comm: Yes
82ABCE3F2206797E99B33C273D2FE124,Pool,ECO Pool (#150)
82ABCE3F2206797E99B33C273D2FE124,Segment,"MR old, long"
82ABCE3F2206797E99B33C273D2FE124,Entity,Stena Bulk A/S (#341)
82ABCE3F2206797E99B33C273D2FE124,Commercial,Comm: Yes
16E5A18F680CB9B8C1F2D1CD47711ED1,Pool,ECO Pool (#150)
16E5A18F680CB9B8C1F2D1CD47711ED1,Segment,"MR ECO, long"
16E5A18F680CB9B8C1F2D1CD47711ED1,Entity,Stena Bulk A/S (#341)
16E5A18F680CB9B8C1F2D1CD47711ED1,Commercial,Comm: Yes
9A8D84E2E2879DB424608D9A505BD492,Pool,PMAX (#800)
9A8D84E2E2879DB424608D9A505BD492,Segment,"P-Max, Dirty"
9A8D84E2E2879DB424608D9A505BD492,Entity,Stena Bulk AB (#303)
9A8D84E2E2879DB424608D9A505BD492,Commercial,Comm: Yes
A8A35A79EADDAA6F21C963A0EA0CF2B9,Age/Design,Non Scrubber
A8A35A79EADDAA6F21C963A0EA0CF2B9,Keyword,PnC CPH
A8A35A79EADDAA6F21C963A0EA0CF2B9,Pool,Short Pool (#170)
A8A35A79EADDAA6F21C963A0EA0CF2B9,Segment,"MR old, short"
A8A35A79EADDAA6F21C963A0EA0CF2B9,Entity,Stena Bulk A/S (#341)
A8A35A79EADDAA6F21C963A0EA0CF2B9,Sanction,Not Sanctioned
A8A35A79EADDAA6F21C963A0EA0CF2B9,Commercial,Comm: Yes
E2854BB34A0D264C7428F779502F0026,Age/Design,Scrubber
E2854BB34A0D264C7428F779502F0026,Pool,IMO Pool (#160)
E2854BB34A0D264C7428F779502F0026,Segment,"MR IMOIIMAX, long"
E2854BB34A0D264C7428F779502F0026,Entity,Stena Bulk A/S (#341)
E2854BB34A0D264C7428F779502F0026,Commercial,Comm: Yes
389AE023E2D4161E2742EC9C96B10160,Segment,LNG
389AE023E2D4161E2742EC9C96B10160,Entity,Stena Bulk AB (#303)
389AE023E2D4161E2742EC9C96B10160,Commercial,Comm: Yes
78E05CA8C326FF09B62FDFB496879559,Age/Design,Non Scrubber
78E05CA8C326FF09B62FDFB496879559,Keyword,PnC CPH
78E05CA8C326FF09B62FDFB496879559,Pool,Short Pool (#170)
78E05CA8C326FF09B62FDFB496879559,Segment,"MR ECO, short"
78E05CA8C326FF09B62FDFB496879559,Entity,Stena Bulk A/S (#341)
78E05CA8C326FF09B62FDFB496879559,Sanction,Not Sanctioned
78E05CA8C326FF09B62FDFB496879559,Commercial,Comm: Yes
8B47E6C644CF5C9C5ACCEB8B1CB3FFE5,Pool,ECO Pool (#150)
8B47E6C644CF5C9C5ACCEB8B1CB3FFE5,Segment,"MR ECO, long"
8B47E6C644CF5C9C5ACCEB8B1CB3FFE5,Entity,Stena Bulk A/S (#341)
8B47E6C644CF5C9C5ACCEB8B1CB3FFE5,Commercial,Comm: Yes
E464A726C02C4140F230ACACD6C0EC6D,Age/Design,Non Scrubber
E464A726C02C4140F230ACACD6C0EC6D,Pool,ECO Pool (#150)
E464A726C02C4140F230ACACD6C0EC6D,Segment,"MR ECO, long"
E464A726C02C4140F230ACACD6C0EC6D,Entity,Stena Bulk A/S (#341)
E464A726C02C4140F230ACACD6C0EC6D,Sanction,Not Sanctioned
E464A726C02C4140F230ACACD6C0EC6D,Commercial,Comm: Yes
FB359BAA51A3151BA9DD36142F31EA37,Age/Design,Non Scrubber
FB359BAA51A3151BA9DD36142F31EA37,Pool,ECO Pool (#150)
FB359BAA51A3151BA9DD36142F31EA37,Segment,"MR ECO, long"
FB359BAA51A3151BA9DD36142F31EA37,Entity,Stena Bulk A/S (#341)
FB359BAA51A3151BA9DD36142F31EA37,Sanction,Not Sanctioned
FB359BAA51A3151BA9DD36142F31EA37,Commercial,Comm: Yes
E2854BB34A0D264C7428F779502F0026,Age/Design,Scrubber
E2854BB34A0D264C7428F779502F0026,Pool,IMO Pool (#160)
E2854BB34A0D264C7428F779502F0026,Segment,"MR IMOIIMAX, long"
E2854BB34A0D264C7428F779502F0026,Entity,Stena Bulk A/S (#341)
E2854BB34A0D264C7428F779502F0026,Commercial,Comm: Yes
CA529762759A6BA456D7066822DF4539,Age/Design,Non Scrubber
CA529762759A6BA456D7066822DF4539,Segment,Suezmax
CA529762759A6BA456D7066822DF4539,Entity,Stena Sonangol Suezmax Pool LP (#3435)
22246FB1DE7A239F885482B03824B573,Age/Design,Non Scrubber
22246FB1DE7A239F885482B03824B573,Keyword,PnC CPH
22246FB1DE7A239F885482B03824B573,Pool,Short Pool (#170)
22246FB1DE7A239F885482B03824B573,Segment,"MR ECO, short"
22246FB1DE7A239F885482B03824B573,Entity,Stena Bulk A/S (#341)
22246FB1DE7A239F885482B03824B573,Sanction,Not Sanctioned
22246FB1DE7A239F885482B03824B573,Commercial,Comm: Yes
E5FF6F0E3BF84E65BA85E95348D01C4D,Pool,PMAX (#800)
E5FF6F0E3BF84E65BA85E95348D01C4D,Segment,"P-Max, Clean"
E5FF6F0E3BF84E65BA85E95348D01C4D,Entity,Stena Bulk AB (#303)
E5FF6F0E3BF84E65BA85E95348D01C4D,Commercial,Comm: Yes
